{"cameraMode":{"drawMode":0,"name":"Shaded","section":"Shading Mode"},"sceneLighting":false,"audioPlay":false,"sceneViewState":{"showFog":false,"showMaterialUpdate":false,"showSkybox":false,"showFlares":false,"showImageEffects":false,"showParticleSystems":true},"in2DMode":false,"pivot":{"x":-1.260809302330017,"y":0.4331583082675934,"z":0.13466182351112367},"rotation":{"x":-0.07438024133443833,"y":-0.7531663775444031,"z":0.08647609502077103,"w":-0.6478848457336426},"size":2.3568949699401857,"orthographic":false}