{"cameraMode":{"drawMode":0,"name":"Shaded","section":"Shading Mode"},"sceneLighting":false,"audioPlay":false,"sceneViewState":{"showFog":false,"showMaterialUpdate":false,"showSkybox":false,"showFlares":false,"showImageEffects":false,"showParticleSystems":true},"in2DMode":false,"pivot":{"x":0.0,"y":1.0399999618530274,"z":-0.19999998807907105},"rotation":{"x":-0.07438024133443833,"y":-0.7531663775444031,"z":0.08647609502077103,"w":-0.6478848457336426},"size":0.8660253882408142,"orthographic":false}