{"cameraMode":{"drawMode":0,"name":"Shaded","section":"Shading Mode"},"sceneLighting":true,"audioPlay":false,"sceneViewState":{"showFog":false,"showMaterialUpdate":false,"showSkybox":false,"showFlares":false,"showImageEffects":false,"showParticleSystems":true},"in2DMode":false,"pivot":{"x":-1.036050796508789,"y":2.015307903289795,"z":15.527748107910157},"rotation":{"x":-0.35020262002944949,"y":-0.1364523470401764,"z":0.05161833390593529,"w":-0.9252942204475403},"size":8.633251190185547,"orthographic":false}