{"cameraMode":{"drawMode":0,"name":"Shaded","section":"Shading Mode"},"sceneLighting":false,"audioPlay":false,"sceneViewState":{"showFog":false,"showMaterialUpdate":false,"showSkybox":false,"showFlares":false,"showImageEffects":false,"showParticleSystems":true},"in2DMode":false,"pivot":{"x":0.299041748046875,"y":0.906470775604248,"z":-2.016282558441162},"rotation":{"x":-0.044421564787626269,"y":-0.7964171171188355,"z":0.05886771157383919,"w":-0.6002905964851379},"size":3.8733015060424806,"orthographic":false}