{"cameraMode":{"drawMode":0,"name":"Shaded","section":"Shading Mode"},"sceneLighting":false,"audioPlay":false,"sceneViewState":{"showFog":false,"showMaterialUpdate":false,"showSkybox":false,"showFlares":false,"showImageEffects":false,"showParticleSystems":true},"in2DMode":false,"pivot":{"x":-0.8210579752922058,"y":0.20216672122478486,"z":-9.092616081237793},"rotation":{"x":-0.0467064343392849,"y":0.8412765264511108,"z":-0.07363810390233994,"w":-0.5335506200790405},"size":3.9552700519561769,"orthographic":false}