{"cameraMode":{"drawMode":0,"name":"Shaded","section":"Shading Mode"},"sceneLighting":false,"audioPlay":false,"sceneViewState":{"showFog":false,"showMaterialUpdate":false,"showSkybox":false,"showFlares":false,"showImageEffects":false,"showParticleSystems":true},"in2DMode":false,"pivot":{"x":0.4275248050689697,"y":1.5798187255859376,"z":25.981611251831056},"rotation":{"x":-0.05204981938004494,"y":0.8600847125053406,"z":-0.08960646390914917,"w":-0.49955567717552187},"size":0.965063750743866,"orthographic":false}